{
  "experiment": "w4_learned_coupling",
  "timestamp_utc": "2026-07-15T08:52:24.738560+00:00",
  "config": {
    "n_episodes": 40,
    "n_turns": 200,
    "compromise_step": 50,
    "seed": 7,
    "n_starts": 4,
    "honest_rho": [
      0.92,
      0.88,
      0.82,
      0.78,
      0.9
    ],
    "sleeper_rho": [
      0.3,
      0.88,
      0.75,
      0.72,
      0.88
    ]
  },
  "C_star": [
    [
      0.0,
      0.0,
      0.0,
      0.0,
      0.0
    ],
    [
      0.7,
      0.0,
      0.0,
      0.0,
      0.0
    ],
    [
      0.45,
      0.65,
      0.0,
      0.0,
      0.0
    ],
    [
      0.35,
      0.4,
      0.6,
      0.0,
      0.0
    ],
    [
      0.3,
      0.3,
      0.35,
      0.55,
      0.0
    ]
  ],
  "C_hat": [
    [
      0.0,
      0.0,
      0.0,
      0.0,
      0.0
    ],
    [
      0.3669335728045642,
      0.0,
      0.0,
      0.0,
      0.0
    ],
    [
      0.6473677031147583,
      0.0939517484790767,
      0.0,
      0.0,
      0.0
    ],
    [
      0.3123678328660564,
      0.4581666316903775,
      0.6978343212248652,
      0.0,
      0.0
    ],
    [
      0.2634062639628383,
      0.2637266705583879,
      0.15641222108460806,
      0.6498609025973208,
      0.0
    ]
  ],
  "frobenius": 0.7235684408477325,
  "best_loss": 0.5655289855722786,
  "lower_triangular_recovery": "yes",
  "figure": "coupling_recovery.png"
}